Game_No,Team,Passing,Rushing,Carries,Completions,Attempts,Intercepts,Tackles,Fumbles
400933827,Alabama,96,173,42,10,18,0,62, 
400933828,Arkansas,179,236,45,16,22,1,56,0
400933829,Auburn,184,351,53,15,26,1,64,4
400933830,Michigan,218,215,49,12,26,2,48,0
400933831,Georgia,147,221,44,11,20,2,69, 
400933832,Kentucky,176,78,35,11,20,0,77,1
400933833,LSU,183,296,57,15,18,0,38, 
400933834,Ole Miss,429,102,29,28,35,0,64,1
400933835,Mississippi State,274,281,50,20,36,0,67, 
400933836,Missouri,521,294,41,21,34,1,62,2
400933837,South Carolina,215,31,21,17,29,1,100,0
400933838,UCLA,491,63,25,35,59,0,79,3
400933839,Vanderbilt,296,71,35,20,28,0,44,1
400933840,Tennessee,221,148,22,20,37,0,134,0
400933841,Alabama,192,305,39,20,27,0,62, 
400933842,TCU,166,195,42,21,31,1,57,3
400933843,Clemson,185,96,36,20,31,0,85,2
400933845,Georgia,141,185,43,16,29,1,76,1
400933846,Kentucky,229,207,39,16,24,0,66,0
400933847,LSU,232,222,46,9,18,0,69,1
400933848,Ole Miss,489,54,18,32,43,1,75,1
400933849,Mississippi State,132,327,40,13,20,1,75,0
400933850,South Carolina,187,172,40,18,28,0,55,0
400933851,Tennessee,235,160,37,17,30,1,66,2
400933852,Texas A&M,198,195,47,24,36,0,47,0
400933853,Vanderbilt,227,174,35,19,26,0,59, 
400933854,Alabama,248,239,39,13,21,0,81, 
400933855,Auburn,364,146,43,32,37,1,57,5
400933856,Florida,212,168,29,18,28,1,71,2
400933857,Georgia,175,284,54,9,15,0,50,2
400933858,California,236,163,40,24,48,2,64,1
400933859,Mississippi State,180,285,48,15,23,0,71, 
400933860,Purdue,272,205,50,26,34,1,55,1
400933861,Kentucky,169,184,47,16,26,1,67,1
400933862,Texas A&M,301,179,40,21,34,1,71,5
400933863,Vanderbilt,205,65,32,14,23,0,61,1
400933864,Texas A&M,216,285,42,14,27,1,63, 
400933865,Georgia,201,203,42,9,12,0,73,1
400933866,Florida,209,186,36,17,27,1,66, 
400933867,LSU,263,151,38,14,23,1,91, 
400933868,Auburn,219,263,53,16,21,0,54,0
400933869,South Carolina,295,143,32,22,35,1,54,4
400933870,Tennessee,184,135,39,19,32,0,57,2
400933871,Alabama,181,496,66,17,27,0,37,3
400933872,Alabama,248,365,51,15,24,0,62,1
400933873,Arkansas,264,230,51,19,26,1,41,2
400933874,Auburn,267,244,39,14,17,0,81,2
400933875,Florida,249,218,51,17,26,0,46,1
400933876,Kentucky,175,53,37,18,27,0,65,2
400933877,Troy,157,206,42,16,28,0,64,2
400933878,Georgia,84,294,55,7,17,1,53,3
400933879,Texas A&M,159,237,49,19,27,0,47,2
400933880,Auburn,235,326,51,14,21,0,73, 
400933881,Kentucky,298,188,39,22,37,1,64,0
400933882,LSU,125,216,48,9,16,0,66, 
400933883,South Carolina,199,159,36,16,31,0,49,1
400933884,Alabama,123,232,44,13,22,0,79,2
400933885,Georgia,126,423,54,10,14,0,50,2
400933886,Alabama,188,308,43,13,21,1,65,3
400933887,Texas A&M,180,83,38,8,24,1,86,1
400933888,Georgia,326,370,51,18,26,1,49,1
400933889,LSU,206,157,39,13,25,0,81,1
400933890,Ole Miss,351,252,41,22,35,0,71,0
400933891,Mississippi State,240,306,53,20,31,2,59,1
400933892,South Carolina,129,194,40,15,24,0,55, 
400933893,Alabama,332,272,53,22,33,1,58,3
400933894,Auburn,284,345,47,21,30,1,66,1
400933895,LSU,200,393,55,9,13,0,57, 
400933896,Mississippi State,159,282,48,19,27,0,73, 
400933897,Missouri,475,183,30,24,34,1,72,0
400933898,Georgia,101,292,35,4,7,1,79,0
400933899,Kentucky,82,289,36,7,16,0,88,4
400933900,Arkansas,189,260,53,19,30,1,66,1
400933901,Missouri,408,175,34,34,43,1,71, 
400933902,South Carolina,174,212,37,19,29,0,54, 
400933903,Mississippi State,141,228,52,12,21,1,57,2
400933904,Alabama,183,116,36,11,24,0,80, 
400933905,Arkansas,264,259,35,16,25,0,62,3
400933906,Georgia,196,242,53,16,22,0,47,1
400933907,Ole Miss,382,91,26,31,41,0,67, 
400933908,Mississippi State,139,254,45,14,26,3,65, 
400933909,Missouri,228,227,46,15,21,1,62,0
400933910,Tennessee,115,95,38,10,21,0,70,1
400933911,Auburn,268,228,52,20,27,0,62, 
400933912,Vanderbilt,220,174,35,14,21,0,69,1
400933913,Auburn,251,237,46,17,25,0,60,1
400933914,LSU,217,198,39,11,16,0,83,1
400933915,Ole Miss,418,223,43,28,36,1,61, 
400933916,Alabama,242,202,38,10,18,0,90,1
400933917,Missouri,226,433,53,14,30,1,57,0
400933918,South Carolina,249,220,47,19,29,3,35,1
400933919,Texas A&M,499,63,23,30,43,0,56,2
400933920,Kentucky,195,232,47,13,17,0,50,3
400933921,Alabama,265,265,42,14,18,0,66,2
400933922,Mississippi State,153,195,48,12,23,0,53,4
400933923,Auburn,235,317,48,18,24,1,71,3
400933924,Florida,152,257,50,15,30,0,49,0
400933925,Georgia,123,381,44,9,14,1,69, 
400933926,Texas A&M,272,119,44,19,32,1,63,0
400933927,South Carolina,194,195,38,22,28,0,49,0
400933928,LSU,81,200,43,11,15,0,64,0
400933929,Missouri,235,191,39,10,25,0,68, 
400933930,Ole Miss,247,108,32,10,22,1,113,1
400933931,Missouri,448,248,60,25,42,2,56, 
400933932,Auburn,240,168,49,22,29,0,65,1
400933933,Florida State,128,88,34,10,21,1,72,0
400933934,Georgia,224,247,43,12,17,0,52,1
400933935,Louisville,216,346,43,15,21,0,71,2
400933936,LSU,351,250,56,20,31,0,57,2
400933937,Clemson,285,184,45,25,38,2,49,1
400933938,Vanderbilt,283,246,43,20,31,0,37,1
400934488,Iowa State,271,134,35,27,36,1,60, 
400934489,Liberty,447,138,43,44,60,0,47,2
400934490,Kansas,364,73,25,23,37,2,66,2
400934491,Kansas State,333,186,31,10,16,0,82, 
400934492,Oklahoma,496,180,38,32,36,0,46,0
400934493,Oklahoma State,308,332,37,21,26,0,85,2
400934494,TCU,300,242,36,23,30,1,75,1
400934495,Maryland,219,263,43,12,15,1,74,0
400934496,Texas Tech,449,177,40,31,35,0,64,2
400934497,Virginia Tech,235,234,45,15,27,0,68, 
400934498,UT San Antonio,155,220,45,15,20,0,47,1
400934499,Iowa,333,164,41,27,41,0,69,1
400934500,Central Michigan,467,123,35,28,37,0,66,1
400934501,Kansas State,189,304,51,17,23,0,42,0
400934502,Oklahoma,386,104,37,27,35,0,57,2
400934503,Oklahoma State,342,163,37,26,41,0,53,1
400934504,Texas,217,406,59,16,29,0,50,1
400934505,West Virginia,403,211,47,24,34,0,68, 
400934506,Duke,184,246,51,20,35,1,45,2
400934507,Ohio,254,196,42,16,22,1,82, 
400934508,Oklahoma,434,197,32,20,30,0,88,2
400934509,Oklahoma State,572,104,35,26,37,1,57,1
400934510,TCU,365,254,49,24,30,0,62,3
400934511,USC,397,71,37,28,51,2,79,0
400934512,Texas Tech,543,72,29,37,50,0,81,1
400934513,West Virginia,334,204,35,24,34,1,64,4
400934514,West Virginia,347,288,43,25,39,1,65,1
400934515,Oklahoma,283,342,40,13,19,0,67,2
400934516,TCU,228,238,52,22,33,1,61,3
400934517,Iowa State,317,191,37,24,33,0,60,2
400934518,Texas Tech,321,200,33,29,45,1,76,3
400934519,Kansas State,119,225,43,7,17,0,62,2
400934520,Oklahoma State,376,221,44,27,38,1,61, 
400934521,Texas,171,141,52,19,26,1,47,2
400934522,TCU,236,170,36,16,29,0,76,0
400934523,Iowa State,368,81,32,20,27,0,77,0
400934524,Texas,380,166,40,30,51,1,61,2
400934525,Texas Tech,290,313,52,22,27,1,65,1
400934526,Oklahoma State,471,276,38,20,33,0,68,2
400934527,Iowa State,212,106,43,18,30,0,67,2
400934528,Oklahoma,344,174,39,18,28,1,62,1
400934529,West Virginia,352,44,29,32,41,1,64, 
400934530,TCU,297,98,36,27,37,0,50,2
400934531,Iowa State,192,208,36,22,32,1,86,1
400934532,TCU,284,191,42,20,28,0,50,3
400934533,West Virginia,375,118,29,26,37,0,67, 
400934534,Oklahoma,410,209,38,32,41,1,51,1
400934535,Oklahoma State,282,146,51,25,38,0,60,4
400934536,Kansas State,138,202,43,8,13,0,52,1
400934537,Oklahoma State,216,246,56,20,34,1,53,3
400934538,Texas,256,171,35,27,36,1,63,0
400934539,Oklahoma,281,336,47,22,34,1,67,1
400934540,Iowa State,202,53,33,21,35,1,66,0
400934541,Baylor,335,120,39,24,30,0,64,0
400934542,West Virginia,316,208,47,20,25,1,68, 
400934543,Kansas State,263,145,36,18,28,1,66, 
400934544,Oklahoma,598,187,40,24,36,2,57,0
400934545,TCU,166,177,46,19,27,0,61, 
400934546,Texas,258,113,40,24,34,1,61,2
400934547,West Virginia,372,120,26,27,46,2,66,2
400934548,Oklahoma State,376,146,37,25,31,0,74,1
400934549,Texas Tech,246,91,30,24,29,0,67,1
400934550,Oklahoma,333,200,41,18,27,0,56,2
400934551,Iowa State,180,214,40,14,28,0,54,1
400934552,Kansas State,204,217,49,10,13,0,58,1
400934553,Oklahoma,312,157,36,23,35,0,50,0
400934554,Texas,187,233,42,17,27,1,51,1
400934555,TCU,85,204,42,6,17,0,64,6
400934556,TCU,325,112,36,26,36,0,57,2
400934557,Texas Tech,333,62,34,20,45,2,76,0
400934558,Kansas State,155,109,30,16,22,0,53, 
400934559,Oklahoma State,494,167,42,32,44,0,61,1
400934560,Oklahoma,333,313,35,16,19,0,74, 
400934561,Tulane,103,253,30,10,22,0,97,1
400934562,Army,17,322,66,2,8,0,38,1
400934563,Ohio State,316,270,32,29,37,0,82,0
400934564,Army,9,418,65,1,3,1,52,0
400934565,Army,42,226,57,1,1,0,62,1
400934566,Army,80,353,50,3,7,1,59, 
400934567,Army,0,413,61,0,5,0,53, 
400934568,Army,141,248,50,8,18,1,75, 
400934569,Army, ,392,59, , ,58, 
400934570,Army,0,513,47,0,2,0,78,1
400934571,North Texas,386,103,33,24,36,1,87, 
400934572,Army,20,221,49,1,1,0,58, 
400934573,Notre Dame,184,422,44,17,30,1,80,0
400934574,Notre Dame,96,515,51,11,27,1,91,1
400934575,Notre Dame,173,182,40,14,20,0,81,0
400934576,Notre Dame,170,333,39,10,23,0,67,0
400934577,Notre Dame,146,341,57,17,31,2,56,2
400934578,Notre Dame,120,377,47,9,22,0,75,0
400934579,Notre Dame,104,318,54,10,19,0,57, 
400934580,Notre Dame,330,380,46,23,38,0,84,2
400934581,Miami,137,237,42,15,24,0,67,0
400934582,Notre Dame,164,163,31,9,18,0,95,1
400934583,Stanford,176,152,38,14,22,0,73,1
400935229,Ohio State,304,292,51,20,35,0,78, 
400935230,Minnesota,239,169,51,19,32,1,46,1
400935231,Wisconsin,244,234,45,15,23,0,72,2
400935232,Illinois,145,71,30,10,19,1,94,1
400935233,Iowa,125,138,41,8,15,1,70,4
400935234,Michigan State,250,215,46,22,36,0,57,4
400935235,Nebraska,238,225,38,19,32,0,72,1
400935236,Northwestern,352,156,50,28,38,1,54,1
400935237,Penn State,322,247,34,21,31,1,78, 
400935238,Louisville,378,146,33,30,46,0,70,3
400935239,Purdue,295,263,44,16,24,0,65,0
400935240,Duke,305,233,59,29,45,1,45,3
400935241,Illinois,107,193,50,14,25,1,56,4
400935242,Maryland,167,367,36,14,18,0,71, 
400935243,Michigan,221,193,37,17,29,0,58,3
400935244,Michigan State,161,296,49,13,21,1,72,3
400935245,Penn State,164,148,24,15,28,1,83,1
400935246,Eastern Michigan,260,114,35,19,37,0,51,1
400935247,Arizona State,321,79,40,24,30,0,68,1
400935248,Utah,227,272,47,23,32,1,55,1
400935249,Colorado,202,143,38,21,29,2,68,0
400935250,Washington,284,84,24,17,30,0,83,1
400935251,Arizona,89,506,47,7,14,0,67,0
400935252,USC,289,232,34,23,33,2,77,1
400935253,Oregon,355,348,52,23,27,0,82,2
400935254,Oregon State,235,154,32,18,25,1,75,2
400935255,Washington State,361,150,25,40,48,0,49,2
400935256,California,363,106,35,24,38,2,92,1
400935257,Stanford,369,287,36,21,37,0,56,1
400935258,Houston,225,158,37,25,32,2,66,1
400935259,San Diego State,73,279,43,9,18,0,52,0
400935260,USC,316,307,48,21,26,2,55, 
400935261,UCLA,373,132,26,24,29,0,73,1
400935262,Colorado,339,91,41,23,36,0,71,2
400935263,Utah,314,116,36,28,37,0,42,3
400935264,Oregon,365,201,44,25,33,1,51,3
400935265,Minnesota,158,253,58,7,8,0,52,3
400935266,Washington,293,213,37,24,28,1,71,0
400935267,Washington State,433,22,27,49,67,2,87,2
400935268,California,200,231,34,20,28,0,69,2
400935269,Arizona,175,326,65,20,23,0,42,1
400935270,Memphis,398,162,37,23,39,2,78,1
400935271,Colorado,357,212,39,29,41,1,60,3
400935272,Utah,341,160,40,30,44,1,63,3
400935273,Oregon,251,307,65,18,30,1,58,3
400935274,Washington State,431,60,16,42,58,0,74,0
400935275,Washington,328,92,30,25,28,0,61,2
400935276,San Diego State,187,166,49,21,29,0,42,1
400935277,Utah,229,112,38,17,28,0,64,2
400935278,Arizona State,347,142,53,24,39,0,54,1
400935279,USC,223,133,38,26,38,1,69,1
400935280,Stanford,148,405,45,16,24,0,72,2
400935281,Washington,160,254,39,11,21,1,84, 
400935282,Colorado State,334,191,43,26,39,1,77,2
400935283,Washington State,505,55,34,38,50,1,53,2
400935284,Washington State,340,122,30,34,51,1,50,0
400935285,Stanford,173,331,33,15,24,0,105,1
400935286,UCLA,372,95,35,28,45,1,58,1
400935287,Oregon,131,328,56,17,22,1,67,1
400935288,Washington,293,216,41,26,34,1,48,0
400935289,Arizona,154,413,42,12,14,0,87,1
400935290,USC,328,184,37,24,36,1,71,4
400935291,Stanford,188,196,31,13,24,0,64,1
400935292,Washington State,282,87,25,24,42,0,83,2
400935293,Washington,215,162,38,27,42,0,54,1
400935294,California,259,106,32,21,38,0,78,1
400935295,Arizona,148,457,61,9,13,0,58,0
400935296,Arizona State,245,40,32,29,41,0,59,1
400935297,USC,358,174,33,27,50,0,78,3
400935298,Colorado,179,206,41,15,25,0,86, 
400935299,Stanford,256,248,41,21,28,1,69,1
400935300,Arizona,166,345,46,10,15,1,98, 
400935301,Arizona State,140,205,46,19,29,1,58, 
400935302,UCLA,266,142,37,21,36,0,81,1
400935303,Washington State,212,194,35,20,43,0,63,2
400935304,Stanford,141,81,27,16,33,1,63,1
400935305,Arizona,275,310,34,10,17,1,75,2
400935306,USC,266,341,46,19,35,0,60,1
400935307,Washington,109,333,58,9,12,1,55,3
400935308,Colorado,353,200,53,21,27,0,55,2
400935309,Oregon,69,347,49,10,13,0,67,1
400935310,Utah,234,272,50,15,22,0,59,1
400935311,USC,311,331,52,20,26,1,76,1
400935312,Arizona State,202,381,54,18,34,0,71, 
400935313,Washington,204,247,39,11,19,1,83,2
400935314,California,259,216,45,24,31,0,66,2
400935315,Washington State,337,93,29,34,48,1,53, 
400935316,Stanford,211,195,44,16,27,0,53,1
400935317,Arizona,68,534,55,5,7,1,51, 
400935318,UCLA,381,192,33,25,45,1,96,1
400935319,USC,329,193,38,21,34,0,64,2
400935320,Washington State,311,27,17,40,69,2,66,0
400935321,Oregon,235,353,50,14,21,1,77, 
400935322,Arizona State,167,286,49,12,19,0,67,1
400935323,USC,264,153,41,17,28,1,78,0
400935324,Washington,354,123,32,26,35,0,77,1
400935325,Stanford,185,193,38,17,26,1,56, 
400935326,UCLA,393,69,37,27,36,0,74,2
400935327,Oregon,266,311,49,16,26,0,73,1
400935328,Arizona State,163,227,49,11,17,1,75,1
400935329,Utah,181,310,52,15,24,0,62,3
400935330,Washington,93,328,45,11,17,0,60,0
400935347,Indiana,197,111,41,19,30,1,79,1
400935348,Wisconsin,207,357,54,17,30,1,55,1
400935349,Wisconsin,256,235,49,18,19,0,51, 
400935351,Iowa,197,238,59,16,27,0,42,2
400935352,Michigan,169,190,42,14,23,0,71,2
400935353,Minnesota,122,221,47,11,18,0,48, 
400935354,Northern Illinois,128,85,31,15,23,0,79,3
400935355,Northwestern,375,303,43,24,31,0,69,2
400935356,Penn State,360,166,24,21,29,0,75,2
400935357,Rutgers,152,326,54,13,19,0,64,1
400935359,Indiana,185,282,47,11,22,0,71,1
400935360,Penn State,284,295,51,31,48,1,41,2
400935361,UCF,178,250,39,18,30,0,61, 
400935362,Nebraska,109,197,47,13,26,2,45,1
400935363,Ohio State,474,190,40,31,44,1,68,2
400935364,Michigan,284,139,44,21,31,1,44,1
400935365,Nebraska,246,165,38,17,24,0,60,4
400935366,Michigan State,212,88,40,18,28,0,56,1
400935367,Maryland,154,262,47,18,28,0,53, 
400935368,Penn State,331,39,37,24,37,1,96,0
400935369,Ohio State,353,275,37,20,31,0,64,2
400935370,Wisconsin,197,109,37,11,20,2,73,3
400935371,Iowa,250,191,38,18,34,1,67,2
400935372,Michigan State,94,158,40,11,22,0,72,2
400935373,Wisconsin,113,353,49,9,17,1,52,1
400935374,Penn State,286,95,38,29,41,0,67,0
400935375,Ohio State,303,281,50,23,36,0,62,2
400935376,Purdue,307,132,29,25,36,2,68,3
400935377,Northwestern,293,238,44,27,49,2,59, 
400935378,Rutgers,102,274,47,6,12,0,69,3
400935379,Michigan,58,271,44,10,20,0,63, 
400935380,Michigan State,120,245,50,9,18,1,49,4
400935381,Ohio State,354,279,47,31,39,0,59, 
400935382,Wisconsin,199,295,53,13,18,2,51,1
400935383,Michigan State,185,89,44,16,30,0,85,3
400935384,Minnesota,47,290,56,5,14,2,61,1
400935385,Northwestern,192,147,46,21,36,0,71,1
400935386,Penn State,282,224,35,17,26,1,85,0
400935387,Rutgers,87,130,37,9,18,0,85, 
400935388,Wisconsin,225,215,41,16,24,1,56,2
400935389,Northwestern,368,64,28,34,50,0,66,1
400935390,Wisconsin,135,168,45,10,19,1,52,1
400935391,Iowa,190,125,33,15,27,1,69,1
400935392,Maryland,171,174,40,10,16,1,87,1
400935393,Michigan,137,334,51,13,20,1,52,3
400935394,Ohio State,328,201,39,33,39,0,57,2
400935395,Nebraska,431,40,27,32,50,0,62,1
400935396,Wisconsin,170,237,52,15,22,1,47,3
400935397,Iowa,244,243,38,21,32,0,65,1
400935398,Michigan,56,371,37,8,13,0,60,0
400935399,Michigan State,400,74,24,33,56,1,62, 
400935400,Northwestern,243,232,45,19,35,2,78, 
400935401,Purdue,226,209,44,18,28,0,52,3
400935402,Rutgers,107,239,46,8,18,1,76,2
400935403,Indiana,289,139,42,32,48,1,66,2
400935404,Michigan,145,160,38,9,18,0,79, 
400935405,Minnesota,105,409,45,9,16,0,84,1
400935406,Northwestern,296,94,38,26,46,0,66, 
400935407,Ohio State,189,335,42,15,23,2,68,1
400935408,Penn State,214,90,31,16,21,0,73,0
400935409,Wisconsin,135,247,49,11,18,3,47,3
400935410,Indiana,236,267,48,17,28,1,52,0
400935411,Purdue,229,65,29,22,37,0,66,1
400935412,Michigan State,20,271,51,2,14,0,64,1
400935413,Northwestern,86,277,55,9,13,0,48,1
400935414,Ohio State,218,325,59,16,29,0,42,2
400935415,Penn State,346,263,35,26,39,0,75,1
400935416,Wisconsin,143,182,40,9,19,1,58, 
400935417,Iowa,192,313,47,13,20,0,63,2
400935418,Northwestern,140,306,47,13,21,1,66,0
400935419,Penn State,248,286,48,25,40,0,67,0
400935420,Ohio State,124,226,48,9,15,0,62,1
400935421,Wisconsin,169,287,39,17,21,0,57,2
400935422,Purdue,181,272,43,16,30,0,72,1
400935423,Michigan State,222,209,58,21,31,0,29,0
400937445,Wake Forest,239,248,45,20,27,1,57, 
400937446,Boston College,191,148,50,26,42,1,63, 
400937447,Clemson,312,353,43,25,35,1,79,1
400937448,Duke,281,243,47,26,34,0,63,2
400937449,Miami,233,317,34,18,31,0,62,1
400937450,Pittsburgh,140,208,53,17,24,0,48,1
400937451,Syracuse,431,155,41,37,52,0,51,2
400937452,Virginia,262,92,32,27,40,0,71,2
400937453,Wake Forest,151,158,52,13,19,0,78,1
400937455,Georgia Tech,112,210,49,5,7,0,49,3
400937456,Louisville,393,312,44,25,39,0,62, 
400937458,NC State,341,144,33,29,36,0,65,0
400937459,Middle Tennessee,269,94,33,22,36,1,86,4
400937460,Virginia Tech,222,81,28,16,29,0,74,2
400937461,Clemson,316,297,48,23,33,0,60, 
400937464,North Carolina,259,252,50,16,26,0,66,2
400937465,NC State,248,242,39,24,30,0,73,1
400937466,Syracuse,279,300,44,19,35,1,73,2
400937467,Virginia,455,171,31,30,40,1,72,3
400937468,Virginia Tech,388,287,62,25,33,0,53,0
400937469,Wake Forest,297,291,59,16,27,0,57,1
400937470,Clemson,140,342,58,17,26,2,93,2
400937471,Duke,202,186,45,18,34,0,69, 
400937472,NC State,255,110,37,23,33,0,64,0
400937473,Georgia Tech,48,436,67,4,7,0,46,5
400937474,Louisville,374,165,27,23,30,2,75,2
400937475,Miami,333,254,26,27,36,1,69, 
400937477,Virginia Tech,311,271,57,21,32,1,40, 
400937478,Wake Forest,176,168,40,14,27,0,77, 
400937479,Miami,270,139,35,15,26,1,88,0
400937480,Boston College,85,224,53,14,21,0,82,2
400937481,Clemson,186,146,43,12,21,0,90,0
400937482,Florida State,121,149,43,11,21,0,71,4
400937483,Georgia Tech,53,403,66,5,10,0,47,3
400937484,Louisville,364,312,46,32,45,0,47,2
400937485,NC State,206,256,47,21,34,0,82,2
400937486,Pittsburgh,410,69,33,28,34,0,42,2
400937487,NC State,367,153,39,20,32,0,69,2
400937488,Virginia Tech,322,109,48,22,33,1,70,1
400937489,Clemson,263,190,48,29,41,1,68,1
400937490,Virginia,182,128,38,24,43,2,59,1
400937491,Syracuse,365,135,42,33,49,0,56, 
400937493,Syracuse,278,162,50,20,33,0,55,2
400937494,Boston College,191,364,59,12,28,1,62,2
400937495,Florida State,197,228,40,18,21,2,45, 
400937496,Virginia,249,156,47,19,31,0,63,3
400937497,NC State,198,248,38,14,25,0,66,0
400937498,Boston College,275,237,47,19,24,0,64,2
400937499,Pittsburgh,149,336,57,8,18,0,56,0
400937500,Louisville,156,293,44,13,21,0,72,1
400937501,Georgia Tech,68,427,66,5,11,0,45,1
400937502,Miami,344,136,32,26,43,0,68,1
400937503,Virginia Tech,202,181,46,15,27,0,67,0
400937504,Boston College,88,241,55,7,21,0,65,0
400937505,Clemson,207,221,45,22,33,0,80,4
400937506,Virginia Tech,200,187,48,13,28,0,59,0
400937507,Wake Forest,461,164,39,28,34,0,81,3
400937508,Miami,356,59,32,17,41,1,83,3
400937509,Pittsburgh,134,176,40,10,18,1,67,1
400937510,Clemson,191,224,35,20,38,1,83, 
400937511,Florida State,136,207,37,12,19,0,68,3
400937512,Virginia,260,97,25,21,43,1,92,1
400937513,Miami,219,210,34,12,24,3,74,2
400937514,North Carolina,270,96,32,21,32,0,58,0
400937515,NC State,150,217,40,14,33,1,79,1
400937516,Clemson,151,227,52,20,30,0,54,3
400937517,Georgia Tech,140,261,57,2,8,1,58,3
400937518,Louisville,195,298,43,15,26,0,67,4
400937519,Wake Forest,363,371,51,25,38,0,77,1
400937520,Boston College,55,330,49,7,15,0,68,1
400937521,Clemson,479,183,26,31,41,0,82,2
400937522,Duke,181,319,51,19,28,0,72,2
400937523,Florida State,236,246,32,18,24,0,43,3
400937524,Louisville,316,411,42,17,30,0,80, 
400937525,Miami,210,148,32,15,28,2,73,0
400937526,North Carolina,298,313,43,20,30,0,60,0
400937527,Wake Forest,247,87,28,19,28,1,90,0
400937528,Virginia Tech,218,157,40,17,37,1,56, 
400937529,Pittsburgh,193,152,45,18,29,0,44,3
400937530,Virginia Tech,143,202,53,14,21,1,39,1
400937531,Boston College,248,333,56,16,20,0,64,2
400937532,Duke,346,97,45,25,44,3,70,1
400937533,NC State,204,292,45,20,30,1,69,2
400938591,UCF,439,148,45,26,33,1,58,2
400938592,Navy,110,416,68,3,10,1,57,2
400938593,Louisiana Tech,276,221,37,18,35,0,67,3
400938594,Marshall,208,59,25,20,30,1,92,1
400938595,North Texas,232,436,60,17,24,0,64,1
400938596,Old Dominion,187,98,31,18,26,2,71,3
400938597,UAB,165,252,59,12,22,0,62,1
400938599,Western Kentucky,264,100,40,20,31,0,65,2
400938601,SMU,394,99,34,22,41,1,56,0
400938602,Old Dominion,169,197,48,13,29,0,84, 
400938603,Rice,131,306,49,10,18,0,54,1
400938604,Southern Mississippi,280,197,44,20,32,0,52,2
400938605,Ball State,217,160,44,23,35,0,90,1
400938607,Florida Atlantic,180,439,58,19,32,1,61,2
400938608,Louisiana Tech,306,122,30,22,39,1,81, 
400938609,Marshall,223,158,33,23,43,1,86, 
400938610,Houston,354,130,37,34,38,0,58,1
400938611,Southern Mississippi,250,284,48,17,32,1,66,1
400938612,UAB,105,169,47,8,15,0,80,2
400938613,UT San Antonio,335,167,39,24,30,2,59,2
400938614,Georgia State,250,119,40,26,37,0,68,1
400938616,Buffalo,254,204,57,18,27,0,69, 
400938617,Middle Tennessee,290,243,43,24,32,1,48,3
400938618,North Texas,261,287,44,15,29,0,63,2
400938619,New Mexico State,283,179,29,26,43,1,73,1
400938620,UT San Antonio,212,357,45,17,25,0,61,2
400938621,Western Kentucky,319,52,30,28,44,2,60,2
400938623,Florida Atlantic,187,252,50,22,29,0,66, 
400938624,Louisiana Tech,317,162,33,24,39,0,45,1
400938625,Marshall,233,133,44,21,34,0,66,2
400938626,North Texas,366,174,46,24,41,1,59,2
400938627,Marshall,192,212,42,19,28,0,52,3
400938628,Middle Tennessee,250,176,34,25,31,0,60,1
400938629,Florida Atlantic,97,453,69,13,22,1,70,2
400938630,UAB,188,178,36,21,32,0,64,1
400938631,Western Kentucky,208,74,33,24,37,0,63,1
400938632,Western Kentucky,506,121,34,43,58,0,60,1
400938634,Marshall,176,195,40,12,23,0,91,0
400938635,UAB,174,260,44,16,31,1,67, 
400938636,North Texas,354,87,32,20,35,1,70,2
400938637,Southern Mississippi,221,202,45,16,27,2,45,2
400938638,Charlotte,154,222,49,14,28,2,71,2
400938639,Florida Atlantic,357,447,48,24,35,0,76,2
400938640,Southern Mississippi,301,190,45,32,53,2,59,1
400938641,Western Kentucky,343,73,33,25,35,1,97,2
400938642,UT San Antonio,134,314,40,12,22,0,64,1
400938644,Florida Atlantic,93,368,55,10,24,1,78,0
400938645,Louisiana Tech,237,180,39,21,32,0,53,0
400938646,North Texas,309,151,41,25,36,1,87,1
400938647,UAB,208,209,49,16,29,0,64, 
400938648,UT San Antonio,188,205,42,18,30,1,50,1
400938649,Old Dominion,178,148,49,20,30,0,43,0
400938651,North Texas,211,204,41,23,37,1,69,1
400938652,Middle Tennessee,190,210,36,13,30,1,49, 
400938653,UAB,197,242,36,20,21,0,50,0
400938654,Middle Tennessee,255,202,41,18,31,0,54,1
400938655,Old Dominion,240,199,36,17,24,0,71,2
400938656,Florida Atlantic,221,194,33,14,17,0,94,1
400938657,Marshall,190,144,49,17,28,1,75,1
400938658,North Texas,213,259,39,23,35,0,59,1
400938659,Southern Mississippi,331,186,36,22,31,0,78, 
400938660,UAB,49,216,53,8,13,1,70,1
400938661,Southern Mississippi,221,363,42,20,27,0,53, 
400938662,Florida Atlantic,239,333,46,18,25,1,60, 
400938663,Louisiana Tech,203,343,49,15,28,0,53,2
400938664,UT San Antonio,267,88,39,26,39,0,49,2
400938665,Western Kentucky,485,53,33,39,54,0,73,3
400938666,Old Dominion,188,172,39,20,29,0,69,0
400938667,Florida Atlantic,245,318,63,18,22,0,47,4
400938669,Louisiana Tech,101,193,37,7,21,1,77,2
400938670,Southern Mississippi,170,201,45,16,35,0,70,1
400938671,Middle Tennessee,266,320,50,21,30,2,56, 
400938672,North Texas,195,188,44,18,25,1,53, 
400938673,UAB,159,175,45,15,25,0,39, 
400938674,Marshall,168,198,45,16,24,0,51,0
400938675,Florida Atlantic,164,189,45,12,18,0,75,1
400938676,Southern Mississippi,212,246,30,15,21,0,63,3
400938887,Hawai'i,391,112,35,25,38,1,86,2
400938888,Coastal Carolina,80,321,47,10,18,0,72,1
400938890,Ohio,181,298,40,13,24,0,92,1
400938892,UMass,350,320,44,21,28,0,56,2
400938893,UMass,190,207,39,20,33,2,85,2
400938894,UMass,355,100,36,21,39,0,63, 
400938895,UMass,230,69,33,21,35,0,52,3
400941786,South Florida,233,315,74,13,26,0,77, 
400941787,Cincinnati,151,97,29,17,28,0,104,2
400941788,UConn,278,160,37,28,41,0,66,2
400941789,Memphis,97,319,39,10,25,1,69,1
400941791,South Florida,186,153,49,19,32,1,74, 
400941792,SMU,222,243,48,12,23,0,65,0
400941793,Tulane,185,296,51,10,15,0,42,1
400941794,Navy,132,194,52,4,12,1,70,2
400941797,Temple,274,79,27,20,34,0,65,0
400941798,Tulsa,243,424,72,14,20,0,70,1
400941799,South Florida,304,376,66,17,32,1,32, 
400941800,Temple,268,119,34,24,39,0,68,1
400941801,Cincinnati,222,139,35,24,43,2,68, 
400941802,Toledo,458,221,33,22,33,1,102, 
400941803,South Florida,96,312,63,8,20,0,63,3
400941804,Navy,53,569,72,2,3,0,60,1
400941805,Memphis,288,176,36,22,36,0,72,1
400941806,SMU,266,311,54,16,32,0,56,1
400941807,New Mexico,108,338,59,9,14,1,60,4
400941809,SMU,280,218,41,27,39,0,64,0
400941810,South Florida,185,390,50,13,21,0,73,2
400941811,Houston,226,162,31,25,36,1,58,1
400941813,Navy,90,421,68,3,4,0,72,1
400941814,Memphis,480,231,45,39,55,0,63,2
400941815,Navy,86,471,57,4,12,0,80,0
400941816,UCF,374,141,21,16,19,0,64, 
400941817,Temple,344,179,46,21,33,1,53,2
400941818,Houston,198,265,40,20,28,2,70,1
400941819,Tulane,165,488,70,9,13,0,44,2
400941820,UCF,365,238,42,25,31,0,71,1
400941821,UConn,105,139,38,18,28,1,68,2
400941822,Tulsa,128,288,53,9,18,1,102, 
400941823,Memphis,279,118,29,24,40,0,80,1
400941824,Memphis,471,30,23,33,53,1,96,1
400941825,UCF,236,247,42,16,24,1,83,0
400941826,SMU,295,140,44,26,37,1,88,1
400941827,UConn,372,69,42,23,29,0,72,1
400941828,East Carolina,298,115,35,20,30,0,83,1
400941829,South Florida,127,378,52,10,24,1,62, 
400941830,Memphis,298,259,32,18,31,1,68,0
400941831,SMU,366,215,30,20,34,0,61,2
400941832,South Florida,190,212,53,17,30,0,63,0
400941833,Houston,330,142,26,15,22,0,89,0
400941834,Temple,289,104,28,22,30,1,70, 
400941835,Memphis,333,191,37,28,40,0,65, 
400941836,UCF,412,203,36,23,40,2,54,1
400941837,Cincinnati,248,208,35,18,27,0,62, 
400941838,East Carolina,426,170,47,30,39,0,79, 
400941839,Houston,142,255,48,14,25,0,84,2
400941840,Temple,224,205,43,19,30,1,72,1
400941841,Navy,0,559,72,0,1,1,58,1
400941842,UCF,346,173,35,25,38,0,81,1
400941843,Tulane,121,325,52,12,20,2,60,1
400941844,UCF,254,130,40,18,28,0,67,0
400941845,East Carolina,464,114,33,32,46,0,65,1
400941846,Tulane,251,166,47,17,25,1,58,0
400941847,Memphis,331,333,46,22,28,1,56,0
400941848,South Florida,142,279,45,11,28,1,89,1
400941849,UCF,373,160,40,29,44,1,77,0
400941850,Houston,277,103,32,21,27,0,79,2
400941851,Cincinnati,199,136,26,19,28,1,99,2
400941852,Memphis,302,333,34,10,15,0,73, 
400941853,Temple,258,193,34,21,29,0,79,0
400941854,SMU,375,103,33,24,33,2,65,1
400944818,Troy,314,179,29,28,42,0,72,1
400944828,Louisiana,162,201,36,12,23,0,74, 
400944829,Texas State,135,155,41,18,28,1,84,1
400944830,Boise State,210,147,44,19,32,1,53,1
400944831,Appalachian State,345,274,47,16,22,0,54,4
400944833,UNLV,193,357,50,10,16,1,72,2
400944834,New Mexico State,401,99,26,34,57,1,68,3
400944835,Troy,354,257,36,33,42,1,51, 
400944836,Appalachian State,167,116,29,17,28,0,89,2
400944837,Troy,286,190,38,25,40,0,63, 
400944838,Arkansas State,356,137,37,26,34,0,82,3
400944839,Western Michigan,212,135,42,21,31,0,55,1
400944840,South Alabama,255,158,39,9,13,0,60,1
400944842,Louisiana Monroe,343,250,45,28,34,0,73, 
400944844,Louisiana Monroe,101,243,40,12,20,0,77,2
400944845,Wyoming,249,84,35,15,26,0,86,3
400944846,Arkansas State,316,65,35,12,26,4,84,2
400944847,Georgia State,273,91,40,18,30,1,73,1
400944848,Louisiana,213,84,39,19,28,1,64, 
400944849,Louisiana Monroe,433,156,41,24,37,0,62,1
400944850,Appalachian State,75,350,38,11,22,2,80,1
400944851,South Alabama,176,48,44,11,20,1,63,1
400944852,Louisiana,232,135,38,17,27,0,66,0
400944853,Appalachian State,155,121,38,19,26,1,60,2
400944854,Arkansas State,286,189,37,24,37,0,65,0
400944855,New Mexico State,399,92,26,32,53,2,81, 
400944856,Georgia State,446,224,41,26,35,0,83,0
400944857,Arkansas State,309,262,43,24,40,0,79,1
400944858,Appalachian State,427,122,35,23,39,0,57,0
400944859,South Alabama,317,232,35,20,33,1,71,0
400944860,Troy,335,122,22,25,36,1,66,1
400944861,Georgia State,195,114,34,17,31,0,61,1
400944862,Arkansas State,297,120,40,25,40,1,73,1
400944863,Texas State,269,238,52,27,39,1,46,2
400944864,Troy,142,241,30,10,20,0,86, 
400944866,Troy,212,183,36,20,31,1,74,1
400944867,Louisiana Monroe,356,213,38,24,32,1,73,0
400944868,Georgia State,319,49,24,22,37,1,78,0
400944869,Louisiana,110,264,50,8,15,0,63,1
400944870,New Mexico State,503,119,33,31,49,0,74,2
400944871,Appalachian State,161,256,47,7,14,0,56, 
400944872,South Alabama,343,-3,32,25,46,0,78,3
400944873,Georgia State,368,162,41,26,40,0,65,2
400944874,Troy,259,122,36,21,33,1,66,1
400944875,Arkansas State,229,233,61,20,33,0,53,0
400944876,Coastal Carolina,100,175,40,11,24,0,56,2
400944877,Georgia Southern,227,356,68,11,17,0,36,1
400944878,Louisiana,226,279,47,21,35,0,48, 
400944879,Appalachian State,107,323,46,15,23,2,61, 
400944880,Arkansas State,520,261,44,26,38,1,83,1
400944881,Georgia Southern,75,389,63,6,11,0,34,2
400944882,New Mexico State,231,172,37,31,49,1,76,1
400944883,Troy,487,154,31,26,35,0,75,0
400944884,Appalachian State,251,357,47,18,23,0,73,1
400944885,Troy,246,47,25,23,41,0,95,2
400944886,Coastal Carolina,180,185,42,9,17,1,86,0
400944888,New Mexico State,451,40,23,40,61,1,64,0
400944889,Toledo,314,239,41,19,34,1,64,1
400944890,Central Michigan,253,246,50,28,54,1,61,4
400944891,Eastern Michigan,267,126,41,22,31,1,66,1
400944892,Ohio,172,248,53,13,19,1,62,1
400944893,Akron,197,267,44,17,26,0,60, 
400944894,Miami (OH),145,138,51,11,22,0,53,3
400944895,Northern Illinois,269,230,47,24,35,1,83,2
400944896,Kent State,105,294,53,8,16,0,74,2
400944898,Toledo,232,194,60,19,27,0,44,0
400944899,Buffalo,184,302,58,9,16,0,57,1
400944900,Ball State,238,228,33,23,31,2,73,1
400944901,Miami (OH),217,177,40,11,19,0,56, 
400944902,Ohio,197,171,46,19,31,0,70,2
400944903,Western Michigan,165,362,51,11,12,0,48,2
400944904,Akron,183,178,40,14,25,1,80,3
400944905,Western Michigan,245,169,43,15,21,0,70,0
400944986,Buffalo,142,235,44,11,18,1,74, 
400944987,San Diego State,136,127,36,10,20,0,88,0
400944988,Akron,249,134,31,18,31,0,89, 
400944989,Bowling Green,230,275,41,12,26,1,84,0
400944990,Central Michigan,249,68,31,25,35,1,77,0
400944991,Toledo,289,130,42,23,34,0,59,1
400944992,Northern Illinois,114,152,50,13,22,2,67,1
400944993,Western Michigan,269,376,68,24,31,2,84,1
400944994,Akron,127,88,31,13,24,1,92, 
400944995,Kent State,161,167,44,10,18,0,57, 
400944996,Northern Illinois,224,217,56,20,31,0,58,4
400944997,Ohio,105,335,43,7,22,2,78,0
400944998,Toledo,89,310,56,10,18,0,48, 
400944999,Toledo,323,303,43,18,28,1,65,0
400945000,Miami (OH),177,172,43,13,20,0,55,0
400945001,Central Michigan,199,256,45,16,23,0,94,1
400945002,Ohio,138,336,43,9,20,0,66,1
400945003,Northern Illinois,239,338,55,21,34,0,72,2
400945004,Western Michigan,202,220,42,18,27,0,84,3
400945005,Northern Illinois,278,114,36,23,40,0,63,4
400945006,Toledo,267,335,34,8,18,0,89,2
400945007,Akron,286,81,25,21,29,1,83,1
400945008,Bowling Green,174,227,46,14,19,0,63,1
400945009,Ohio,294,149,36,21,33,0,80, 
400945010,Central Michigan,243,164,35,12,31,0,65,3
400945011,Eastern Michigan,263,225,40,15,22,0,72,1
400945012,Toledo,361,166,40,23,31,0,82,2
400945013,Miami (OH),235,185,36,17,30,2,71, 
400945014,Buffalo,406,176,40,23,37,0,72,2
400945015,Central Michigan,155,177,42,11,18,0,70,1
400945016,Western Michigan,97,292,50,8,19,0,55,3
400945017,Ohio,139,393,56,7,15,1,67,3
400945018,Northern Illinois,211,222,45,11,24,0,75,1
400945019,Central Michigan,298,152,30,15,23,1,74,1
400945020,Akron,322,121,32,22,38,0,69,1
400945021,Eastern Michigan,269,185,43,15,27,1,72,1
400945022,Toledo,248,389,53,14,20,0,55,1
400945023,Northern Illinois,64,248,49,6,11,0,61,3
400945024,Buffalo,350,215,39,16,28,1,80, 
400945025,Eastern Michigan,124,266,53,13,27,1,65,2
400945026,Akron,69,122,39,6,20,1,74,2
400945027,Miami (OH),148,125,29,15,27,0,96,0
400945028,Central Michigan,247,139,33,20,39,1,70,1
400945029,Buffalo,294,56,26,19,30,0,70,0
400945030,Toledo,300,155,38,19,29,1,67,2
400945031,BYU,194,171,35,16,27,0,60,1
400945246,Air Force,190,473,67,10,14,0,58, 
400945247,New Mexico,222,259,40,12,18,0,62,2
400945248,Fresno State,414,199,40,23,37,0,52,2
400945249,Hawai'i,154,299,49,12,24,2,82, 
400945250,San Diego State,237,276,52,17,23,1,52,1
400945251,San Jose State,211,271,52,15,26,0,81,2
400945253,Utah State,341,255,49,27,32,1,86,2
400945254,Colorado State,337,268,38,25,40,1,64,1
400945255,Wyoming,328,65,28,22,32,0,79, 
400945256,Boise State,137,127,32,15,19,0,77,0
400945258,Virginia,273,167,40,19,29,0,71,2
400945259,San Diego State,180,187,41,10,16,0,82,1
400945260,Utah State,271,318,57,28,41,2,66,1
400945261,Wyoming,92,177,29,9,19,0,82, 
400945262,Utah State,176,112,44,16,30,1,91,1
400945263,New Mexico,146,363,41,4,9,0,89,1
400945264,Colorado State,351,259,37,18,22,0,57,1
400945265,Fresno State,312,192,38,25,33,1,71,4
400945266,UNLV,203,345,52,11,16,0,96,0
400945267,Boise State,142,158,47,13,20,1,52,1
400945268,Colorado State,293,216,52,22,31,0,63,1
400945269,Fresno State,136,212,51,15,26,0,60,0
400945270,Nevada,298,268,38,26,34,1,62,4
400945271,San Diego State,172,302,46,14,24,0,59,1
400945272,Air Force,72,401,78,4,8,0,58,6
400945273,Boise State,125,186,34,14,23,0,58,0
400945274,Colorado State,384,224,34,26,37,0,70,2
400945275,Fresno State,299,227,36,13,23,0,54,2
400945276,Wyoming,208,85,36,18,26,1,78,0
400945277,Hawai'i,177,274,50,13,24,0,67,2
400945278,Air Force,41,550,91,4,7,1,47,4
400945279,Boise State,177,166,43,18,24,0,55, 
400945280,Colorado State,231,180,35,17,33,0,60,0
400945281,Utah State,323,265,47,20,29,0,81,2
400945282,Fresno State,176,199,38,10,16,0,60,0
400945283,Air Force,64,413,74,2,4,1,44,1
400945284,Boise State,370,163,45,24,34,0,68, 
400945285,Wyoming,234,75,32,16,28,0,69,0
400945286,UNLV,155,173,44,17,29,0,52,1
400945287,San Diego State,83,334,53,5,11,1,44,1
400945288,BYU,332,266,39,21,38,1,77,1
400945289,Boise State,339,140,35,25,34,0,58,2
400945290,Wyoming,138,156,34,10,20,0,78,1
400945291,Utah State,114,129,24,13,24,1,80,2
400945292,Fresno State,174,136,40,14,20,0,66,0
400945293,UNLV,281,131,42,20,31,1,65, 
400945294,San Diego State,94,554,71,6,7,0,53,2
400945295,Wyoming,129,100,43,11,15,0,93,2
400945296,Boise State,331,310,39,23,45,1,90,1
400945297,Fresno State,226,175,36,19,36,2,56,1
400945298,Nevada,265,176,44,20,28,0,80,0
400945299,BYU,160,265,42,14,22,0,61,1
400945300,Boise State,338,90,29,18,26,0,65,0
400945301,Colorado State,305,301,45,26,32,0,64,1
400945302,UNLV,211,323,46,13,25,0,66,1
400945303,Utah State,164,311,39,12,20,1,95,0
400945304,Fresno State,186,147,45,14,23,0,58,2
400945305,San Diego State,205,289,48,15,23,0,62,1
400945306,Air Force,33,407,82,4,12,1,61,1
400945307,Fresno State,332,99,30,23,36,0,68,1
400945308,San Diego State,198,265,37,14,21,1,69,1
400945309,San Jose State,174,146,43,15,29,1,75,1
400945310,BYU,166,285,54,14,24,0,49,2
400945311,Nevada,294,117,29,25,34,1,84,1
400953322,Troy,305,130,38,24,31,1,62,1
400953323,Boise State,369,112,47,23,43,2,61,2
400953324,Marshall,262,239,33,17,32,2,67, 
400953325,Middle Tennessee,232,120,29,19,35,3,88,0
400953386,Florida Atlantic,270,312,60,19,26,0,64,1
400953387,Temple,254,141,41,18,28,0,78,2
400953388,Ohio,210,249,32,14,22,0,67,2
400953389,Wyoming,154,121,42,11,19,0,64,0
400953390,South Florida,311,250,48,17,34,0,73,2
400953391,Army,6,440,87,1,4,1,33,1
400953392,Appalachian State,131,327,53,8,17,0,55,1
400953393,Fresno State,342,131,39,33,49,1,58,1
400953394,Duke,252,213,52,27,40,0,56,2
400953395,Utah,165,197,53,12,27,0,45,2
400953396,Kansas State,79,344,49,10,17,1,47,1
400953397,Florida State,238,214,45,19,29,0,56,0
400953398,Iowa,99,101,39,8,15,0,88,0
400953399,Texas,167,113,42,17,29,0,64,0
400953400,Navy,0,452,76,0,1,0,47,0
400953401,TCU,341,147,26,28,41,2,69,1
400953402,Wake Forest,400,246,48,32,49,0,102,3
400953403,Northwestern,109,333,56,9,21,0,51, 
400953404,Ohio State,114,163,38,11,17,0,74,1
400953405,Mississippi State,127,277,55,11,20,1,61,2
400953406,Iowa State,314,32,42,24,38,0,54,2
400953407,Penn State,342,203,38,32,41,2,53,2
400953408,Wisconsin,258,142,44,23,34,0,49,1
400953409,Georgia State,276,143,43,20,28,0,60,2
400953410,South Carolina,239,61,26,19,32,1,66,2
400953411,UCF,242,169,36,16,35,0,98,2
400953412,Georgia,210,317,34,20,29,0,78,1
400953413,Alabama,120,141,42,16,24,0,61,1
400953414,Notre Dame,216,152,34,17,28,1,87,1
400953415,Alabama,187,184,39,17,32,1,72, 
400953416,Oklahoma State,351,137,32,21,32,0,83,0
400953417,NC State,318,164,43,24,29,0,71,1
400954523,Louisiana Tech,216,141,38,16,27,0,58,0
400955149,USC,325,176,43,17,24,0,53,1
400955150,Toledo,307,254,39,23,37,2,70,4
400955151,UCF,494,232,39,28,40,3,88,1
400955152,Florida Atlantic,352,281,42,18,30,0,76,1
400955153,Georgia,183,238,41,16,22,0,57,1
400955154,Boise State,255,109,38,17,32,0,63, 
400955155,Clemson,254,77,41,25,34,0,63,3
400955156,Ohio State,211,238,42,12,26,2,71,2
400955157,Oklahoma,243,218,43,15,23,0,62,1
400959397,Michigan State,213,227,48,13,22,1,56,0
400959398,Purdue,396,159,40,33,53,1,68,0
400966332,New Mexico State,191,174,29,29,54,2,76,1
400981507,Miami,254,83,29,19,44,1,68, 
400981508,Miami,297,184,36,23,38,0,72,0
400982707,Indiana,321,157,45,32,41,1,55,4
400985386,South Florida,385,217,40,24,37,1,74,2
400985406,UCF,253,350,49,19,31,1,70,2
400986609,UCF,347,142,36,28,31,0,77,0
401000149,Florida State,199,305,45,15,23,2,66, 
